0.0,24.25,0.0,26.77,45.54,51.77,21.56,52.69,37.93,48.99,0.0,0.0,29.01,23.77,0.0,52.16,23.47,0.0,53.93,56.35,57.54,34.31,52.34,58.29,53.3,54.49,23.16,0.0,34.32,24.27,39.57,0.0,35.98,52.89,54.64,39.01,48.76,21.51,33.65,27.45,35.6,57.3,42.12,48.61,39.39,51.29,56.56,36.39,38.94,29.46,41.41,24.94,39.43,46.61,48.01,52.66,25.14,44.6,53.3,37.71,29.91,0.0,44.6,59.53,47.93,28.62,22.8,55.4,0.0,24.17,31.98,54.27,31.69,53.59,43.69,31.63,29.43,54.92,0.0,50.89,50.82,54.07,0.0,42.67,40.59,53.34,0.0,0.0,23.42,53.56,40.26,29.87,59.84,34.6,0.0,25.4,37.76,25.5,54.23,0.0
24.25,0.0,43.74,40.98,0.0,56.95,49.41,42.41,37.02,40.13,46.5,24.25,35.94,59.94,0.0,50.68,0.0,51.89,30.78,38.06,53.74,38.95,0.0,36.48,52.18,55.07,40.03,51.79,58.68,48.08,28.65,56.93,41.71,38.4,44.33,0.0,20.98,54.34,21.32,35.33,31.07,53.19,31.01,26.96,0.0,22.27,45.72,47.37,0.0,48.33,35.23,0.0,49.61,29.24,58.7,27.64,0.0,40.3,43.52,24.04,47.91,35.44,0.0,25.91,0.0,56.99,0.0,51.53,0.0,39.8,26.75,20.71,51.97,0.0,45.78,31.67,0.0,49.27,59.16,28.27,45.92,24.17,32.59,35.82,29.77,46.95,43.98,37.12,40.24,0.0,51.59,34.0,0.0,52.88,0.0,49.07,28.39,28.64,29.25,35.26
0.0,43.74,0.0,0.0,57.34,32.01,53.86,51.98,33.08,41.42,22.99,52.31,0.0,45.29,25.76,27.35,47.06,22.84,22.04,36.55,0.0,46.12,0.0,48.56,0.0,45.03,25.87,59.46,35.3,47.72,46.75,51.65,47.02,31.1,40.9,0.0,21.12,23.95,22.53,22.54,56.93,44.36,22.4,20.29,58.62,39.73,0.0,29.9,47.85,0.0,0.0,53.3,45.9,0.0,26.5,52.59,0.0,24.14,57.83,43.19,28.55,0.0,54.68,47.93,58.04,41.37,33.11,58.37,24.97,44.61,26.03,43.26,29.73,0.0,49.31,35.87,0.0,45.03,40.46,28.78,37.15,0.0,46.49,54.15,23.7,33.91,39.39,29.9,20.65,55.32,39.3,22.48,50.9,50.01,46.84,32.57,34.53,58.84,34.25,0.0
26.77,40.98,0.0,0.0,55.35,34.8,52.6,20.55,32.68,58.28,0.0,45.19,26.1,31.17,42.99,31.35,52.95,47.95,33.71,0.0,39.65,49.22,33.02,33.12,36.14,29.33,43.24,43.94,50.42,24.56,25.45,54.23,36.24,30.87,58.71,38.21,54.78,40.29,44.92,52.23,49.8,54.33,34.46,22.94,54.06,26.94,44.76,30.45,34.44,54.59,36.64,36.74,47.98,29.2,55.85,27.03,41.64,23.11,59.19,24.69,40.33,36.98,57.82,55.38,0.0,0.0,43.49,28.27,41.4,0.0,0.0,57.83,52.97,50.45,22.48,39.96,59.87,36.36,25.35,59.72,53.2,59.99,31.13,0.0,0.0,33.39,42.67,24.95,22.16,0.0,55.99,0.0,59.17,59.24,27.65,0.0,59.16,43.66,0.0,51.25
45.54,0.0,57.34,55.35,0.0,25.01,37.86,0.0,49.94,24.86,52.82,38.52,49.44,27.2,54.6,25.44,30.53,58.6,26.54,49.68,39.47,0.0,24.19,39.93,49.57,30.71,44.95,23.03,32.88,49.81,0.0,39.36,58.51,41.79,30.71,56.44,0.0,47.87,0.0,40.66,21.58,46.61,0.0,31.61,39.15,47.11,49.19,20.53,34.13,51.3,48.25,27.56,50.72,53.64,57.41,0.0,0.0,26.75,21.58,28.87,25.62,43.87,24.89,30.89,37.14,53.63,28.31,43.39,0.0,50.91,38.84,43.24,56.55,23.64,51.53,33.23,31.11,34.13,22.38,39.57,36.83,44.81,42.52,0.0,42.97,36.82,55.56,52.48,54.54,31.67,37.7,39.1,46.42,48.25,41.97,33.16,33.92,49.53,40.56,24.36
51.77,56.95,32.01,34.8,25.01,0.0,30.94,27.76,0.0,59.83,0.0,0.0,58.04,59.31,44.92,52.0,35.33,36.42,20.97,54.93,54.13,46.04,0.0,52.82,32.92,40.3,20.9,24.64,26.13,38.49,47.16,23.1,54.72,32.78,48.79,20.71,27.58,54.58,36.92,0.0,34.41,46.62,0.0,44.57,45.54,51.31,36.33,0.0,35.83,39.07,0.0,27.61,40.02,26.3,20.33,27.41,31.28,31.08,30.35,30.15,45.59,55.46,36.56,57.95,50.77,34.28,20.21,59.41,39.45,23.65,31.37,23.0,36.01,52.63,22.76,58.87,31.18,0.0,32.6,56.32,36.75,22.94,36.99,41.57,0.0,48.36,37.74,30.8,30.88,55.43,37.49,30.73,35.95,27.29,27.56,54.54,23.56,48.63,43.6,26.31
21.56,49.41,53.86,52.6,37.86,30.94,0.0,0.0,46.38,44.1,33.24,25.25,44.65,38.09,25.62,20.6,56.09,36.28,0.0,47.43,24.22,36.74,0.0,59.7,41.96,24.37,56.89,54.36,0.0,21.73,43.32,50.32,38.15,44.97,28.19,35.9,37.96,30.8,33.93,46.32,37.49,45.73,44.04,42.88,59.06,56.31,58.1,56.46,51.59,43.6,20.08,36.64,37.22,50.03,57.33,41.94,56.11,33.71,47.84,0.0,26.06,49.03,55.08,28.84,27.3,50.86,32.93,31.94,40.8,20.19,49.12,54.1,24.12,53.69,48.6,55.66,33.45,41.37,50.48,30.42,26.19,32.13,41.79,38.95,43.77,43.09,56.38,39.75,59.65,35.05,51.04,27.38,58.96,56.76,30.39,28.25,27.64,0.0,22.42,34.9
52.69,42.41,51.98,20.55,0.0,27.76,0.0,0.0,57.54,38.49,37.1,24.0,39.65,48.82,26.12,0.0,27.5,0.0,21.86,29.89,22.26,46.27,44.76,35.38,58.78,32.23,29.42,51.18,43.81,24.28,0.0,55.71,40.46,45.63,39.32,43.33,49.62,55.39,53.83,30.69,0.0,40.57,29.39,27.03,52.57,32.86,32.5,22.56,44.76,25.9,40.26,21.54,58.98,49.22,35.32,48.13,50.28,0.0,0.0,0.0,33.72,49.76,0.0,37.51,21.29,34.74,39.77,50.7,35.16,32.34,46.79,56.1,0.0,40.77,22.58,47.28,32.46,0.0,59.03,0.0,22.38,0.0,33.04,55.53,22.73,0.0,35.58,0.0,29.02,33.19,35.2,0.0,44.06,57.23,35.7,24.1,49.22,41.45,27.44,0.0
37.93,37.02,33.08,32.68,49.94,0.0,46.38,57.54,0.0,31.92,30.28,52.29,42.8,36.83,40.82,0.0,0.0,0.0,22.28,22.95,51.06,0.0,52.66,42.13,37.35,54.84,28.25,0.0,36.87,30.74,23.47,28.31,23.36,59.58,32.23,41.95,26.0,35.39,45.81,48.51,32.6,48.28,40.32,43.86,51.53,41.33,28.05,44.47,32.36,27.52,27.3,31.0,45.8,59.37,28.12,46.69,31.68,36.49,37.96,44.22,51.83,48.37,47.59,54.39,44.54,39.01,31.97,20.34,45.63,37.59,50.91,20.23,54.58,23.33,41.19,54.29,42.81,0.0,53.45,38.27,59.02,55.47,59.6,34.94,46.6,36.75,54.87,32.23,53.25,51.43,57.89,51.1,21.76,39.08,41.56,55.23,31.32,35.51,44.4,25.19
48.99,40.13,41.42,58.28,24.86,59.83,44.1,38.49,31.92,0.0,27.28,25.79,45.45,26.74,25.6,52.48,46.18,21.59,0.0,27.09,28.29,50.63,56.25,35.63,49.48,33.7,51.73,52.07,58.93,41.05,59.28,30.28,33.7,51.76,23.84,54.26,29.01,35.16,43.29,29.67,20.22,32.3,52.52,22.15,23.48,39.58,43.5,34.66,38.8,22.8,50.81,21.97,49.02,59.7,30.87,45.56,24.89,50.53,54.02,0.0,34.19,21.42,35.26,46.62,47.77,56.22,25.63,55.53,48.51,30.37,0.0,42.67,42.24,27.29,48.56,33.74,59.36,38.82,41.09,42.57,0.0,44.81,40.46,59.5,26.09,41.48,32.38,55.79,0.0,44.81,0.0,31.26,29.61,52.69,56.04,56.5,41.61,24.04,21.93,0.0
0.0,46.5,22.99,0.0,52.82,0.0,33.24,37.1,30.28,27.28,0.0,23.94,48.15,23.81,37.61,0.0,57.17,39.12,32.85,57.36,59.73,0.0,36.38,54.81,51.13,29.56,32.26,39.93,47.73,20.64,23.27,48.94,0.0,27.93,52.39,55.46,20.85,37.0,0.0,58.18,36.95,56.32,39.06,0.0,0.0,41.58,0.0,34.52,35.12,0.0,42.54,24.47,35.75,39.73,57.12,45.86,46.61,47.11,37.33,33.41,47.1,53.79,34.03,58.0,34.49,55.78,50.77,0.0,24.42,32.21,23.57,0.0,56.75,53.35,56.58,51.66,54.16,51.75,53.25,46.61,36.28,53.36,45.56,54.67,37.56,53.71,57.93,56.95,40.89,26.58,43.73,24.54,55.34,42.74,53.47,25.66,46.23,21.39,45.54,24.46
0.0,24.25,52.31,45.19,38.52,0.0,25.25,24.0,52.29,25.79,23.94,0.0,37.23,0.0,44.4,30.26,59.27,34.1,21.47,42.03,58.16,54.32,29.5,25.0,38.79,40.74,51.03,52.91,23.8,36.62,44.28,45.28,42.39,57.98,49.45,42.96,56.37,31.33,59.35,25.83,21.16,0.0,52.06,56.12,50.84,37.41,57.9,52.22,39.11,32.24,23.08,0.0,53.84,56.94,50.8,43.38,54.6,36.45,31.2,55.23,55.82,52.16,42.92,40.34,43.95,0.0,23.19,32.68,51.87,35.53,33.55,33.05,34.98,54.38,41.81,55.1,0.0,0.0,31.11,43.87,50.01,38.42,0.0,57.73,22.88,55.59,0.0,36.19,58.71,27.94,51.4,35.16,20.99,0.0,20.57,59.49,25.51,49.12,54.14,45.9
29.01,35.94,0.0,26.1,49.44,58.04,44.65,39.65,42.8,45.45,48.15,37.23,0.0,40.93,33.93,51.91,0.0,30.02,39.16,54.66,50.04,51.24,41.13,0.0,25.25,30.91,46.73,32.57,26.08,0.0,0.0,31.88,22.58,59.18,56.35,26.91,0.0,30.62,0.0,55.49,34.6,53.15,29.29,46.95,35.4,38.09,41.27,28.88,57.55,36.22,32.68,0.0,58.53,57.76,44.16,30.53,34.44,45.6,32.81,0.0,0.0,20.79,28.88,52.13,22.75,47.77,38.36,39.59,27.51,31.38,38.65,41.53,33.45,45.27,50.39,49.86,25.17,23.39,21.46,44.62,0.0,59.51,32.71,43.54,23.46,47.49,58.13,31.25,59.47,52.38,39.72,24.44,46.38,34.29,52.78,40.46,0.0,46.36,0.0,43.89
23.77,59.94,45.29,31.17,27.2,59.31,38.09,48.82,36.83,26.74,23.81,0.0,40.93,0.0,0.0,45.16,41.44,20.8,27.13,21.47,0.0,24.57,0.0,32.84,50.7,55.4,58.35,55.72,26.85,0.0,44.37,48.82,36.18,32.99,36.3,0.0,23.38,0.0,59.3,0.0,59.59,26.0,35.57,23.3,28.36,23.31,0.0,24.7,45.83,42.16,34.66,59.78,40.06,33.55,21.87,26.76,53.34,34.78,21.47,28.06,41.57,55.45,42.28,50.76,43.18,54.85,39.94,54.63,23.28,30.58,45.28,21.28,31.52,49.47,0.0,57.85,49.45,0.0,20.08,38.71,46.33,56.12,55.19,41.13,20.04,27.3,51.84,36.49,55.98,22.24,20.61,44.63,54.97,40.6,32.48,35.48,59.3,59.75,0.0,43.39
0.0,0.0,25.76,42.99,54.6,44.92,25.62,26.12,40.82,25.6,37.61,44.4,33.93,0.0,0.0,58.98,31.36,52.42,57.93,40.0,48.4,23.01,45.2,50.52,35.15,42.75,38.84,26.33,22.98,51.26,0.0,44.69,46.95,55.35,37.56,0.0,24.01,53.76,26.87,36.35,52.74,46.57,29.59,57.8,40.11,0.0,21.91,24.08,35.34,30.83,22.24,52.13,53.96,23.23,0.0,0.0,54.41,56.04,49.51,0.0,42.28,42.63,22.43,25.28,42.66,29.15,25.39,29.58,21.25,32.07,0.0,42.45,37.89,37.84,31.33,56.25,31.02,23.07,37.8,20.15,34.78,22.19,57.33,40.46,0.0,42.75,35.45,21.0,39.57,0.0,32.87,21.72,0.0,28.45,27.93,21.12,20.18,48.56,37.76,48.95
52.16,50.68,27.35,31.35,25.44,52.0,20.6,0.0,0.0,52.48,0.0,30.26,51.91,45.16,58.98,0.0,0.0,56.83,54.51,20.32,24.81,37.61,57.89,0.0,55.09,20.16,0.0,32.07,25.27,28.27,39.83,39.45,42.4,49.82,46.55,27.45,0.0,41.31,54.85,25.45,33.92,0.0,0.0,23.57,50.54,58.99,23.24,40.77,44.57,31.02,57.46,37.67,0.0,0.0,29.5,29.44,0.0,34.18,22.62,23.81,35.52,54.26,27.42,0.0,43.51,34.32,27.78,42.78,0.0,41.97,0.0,29.29,50.65,48.0,48.54,51.57,22.74,53.18,32.5,0.0,54.35,47.76,33.68,24.46,43.85,42.63,35.69,33.14,0.0,23.5,35.36,58.41,57.6,28.7,55.2,49.61,30.19,34.91,57.85,56.1
23.47,0.0,47.06,52.95,30.53,35.33,56.09,27.5,0.0,46.18,57.17,59.27,0.0,41.44,31.36,0.0,0.0,31.72,0.0,21.31,49.35,0.0,26.22,0.0,42.96,0.0,22.05,59.59,23.71,33.85,36.57,41.76,50.71,43.76,27.13,53.58,43.72,32.26,52.09,0.0,50.67,21.04,41.94,54.69,30.02,47.45,29.25,59.01,54.32,33.01,38.17,25.67,0.0,49.86,43.55,30.17,43.52,41.07,53.33,54.99,24.39,32.33,33.08,49.33,33.78,53.62,24.48,32.51,27.35,55.32,42.36,36.37,40.24,49.96,58.86,58.65,45.94,48.56,26.92,54.92,25.5,47.02,53.52,33.25,36.47,39.37,51.47,55.02,26.88,25.46,27.6,28.51,0.0,49.96,59.34,41.43,55.48,34.83,37.6,56.36
0.0,51.89,22.84,47.95,58.6,36.42,36.28,0.0,0.0,21.59,39.12,34.1,30.02,20.8,52.42,56.83,31.72,0.0,53.45,57.05,52.77,40.25,48.11,43.81,25.02,0.0,37.63,0.0,51.85,39.47,35.46,58.36,0.0,24.17,24.22,35.75,43.19,0.0,27.11,20.41,23.83,40.73,47.03,36.54,0.0,57.85,37.52,33.82,52.34,56.48,47.98,0.0,0.0,52.5,21.71,33.16,49.85,52.8,37.5,57.81,20.63,56.41,0.0,55.36,59.09,48.36,0.0,52.59,49.08,53.53,26.7,28.95,56.76,54.44,24.01,47.62,54.89,0.0,26.05,58.89,0.0,0.0,39.64,38.2,26.0,45.04,49.45,22.52,43.04,35.77,22.63,46.74,48.26,54.55,45.52,22.45,57.66,26.24,44.95,21.04
53.93,30.78,22.04,33.71,26.54,20.97,0.0,21.86,22.28,0.0,32.85,21.47,39.16,27.13,57.93,54.51,0.0,53.45,0.0,30.46,52.92,46.47,37.71,25.57,56.77,58.76,59.42,31.72,49.48,51.8,34.66,46.81,50.09,0.0,22.83,36.42,24.92,0.0,0.0,54.15,49.19,24.16,51.95,0.0,43.0,41.15,44.59,33.51,36.7,28.39,0.0,55.1,50.52,0.0,30.13,35.07,52.77,33.53,55.47,50.23,0.0,49.89,28.7,59.49,21.46,51.63,0.0,0.0,37.33,30.2,20.79,48.64,28.66,20.62,20.62,42.85,41.67,52.08,58.22,54.18,0.0,34.87,31.0,21.2,57.46,49.35,0.0,0.0,0.0,25.57,53.44,55.13,0.0,23.03,0.0,0.0,53.21,50.96,59.48,0.0
56.35,38.06,36.55,0.0,49.68,54.93,47.43,29.89,22.95,27.09,57.36,42.03,54.66,21.47,40.0,20.32,21.31,57.05,30.46,0.0,56.05,31.1,57.85,31.36,52.31,45.06,40.48,37.59,33.81,57.4,37.13,24.19,34.32,32.46,34.56,30.51,57.96,58.52,48.44,55.32,0.0,24.06,45.37,0.0,58.03,45.59,20.85,46.39,20.47,45.13,26.09,31.46,36.08,54.83,40.96,32.54,35.95,40.26,29.15,51.78,50.63,48.54,0.0,59.65,38.19,51.66,47.75,52.14,22.17,37.49,26.03,39.84,30.29,39.94,23.73,59.75,58.13,0.0,44.56,42.75,55.45,27.7,24.26,44.45,51.12,56.28,24.13,34.87,45.58,36.0,35.54,0.0,30.48,44.12,33.97,0.0,53.64,34.11,0.0,49.3
57.54,53.74,0.0,39.65,39.47,54.13,24.22,22.26,51.06,28.29,59.73,58.16,50.04,0.0,48.4,24.81,49.35,52.77,52.92,56.05,0.0,0.0,59.14,53.76,53.61,54.76,56.38,38.47,38.5,25.9,48.94,0.0,22.6,25.35,57.73,42.06,57.11,30.45,39.94,43.99,22.85,28.17,34.32,44.94,41.91,30.62,24.04,0.0,0.0,33.23,27.44,42.38,38.14,0.0,37.0,47.42,44.16,24.55,46.45,0.0,41.82,26.87,0.0,43.52,51.9,33.51,39.56,45.24,36.05,38.33,22.64,47.02,20.03,26.2,25.79,24.49,0.0,42.2,42.13,34.07,42.51,26.25,59.61,0.0,27.25,23.04,50.64,0.0,34.7,59.02,47.31,27.13,45.93,52.85,41.03,53.68,50.26,0.0,37.6,46.95
34.31,38.95,46.12,49.22,0.0,46.04,36.74,46.27,0.0,50.63,0.0,54.32,51.24,24.57,23.01,37.61,0.0,40.25,46.47,31.1,0.0,0.0,51.5,45.17,21.82,34.81,36.29,58.79,54.33,53.57,54.23,42.52,43.75,58.92,0.0,40.31,55.64,23.42,44.96,44.0,39.91,0.0,24.76,27.61,20.61,38.85,41.37,38.37,30.52,26.25,54.35,30.52,40.89,47.36,26.05,33.03,29.13,35.12,44.35,55.83,32.49,41.33,44.44,33.62,34.94,30.49,39.96,26.68,57.12,52.35,52.75,0.0,55.3,26.97,28.82,54.31,20.93,52.93,28.46,56.77,59.93,25.07,57.42,0.0,43.94,51.32,26.03,38.25,23.75,49.31,34.31,20.61,51.29,35.52,50.37,30.65,33.52,48.36,58.55,22.42
52.34,0.0,0.0,33.02,24.19,0.0,0.0,44.76,52.66,56.25,36.38,29.5,41.13,0.0,45.2,57.89,26.22,48.11,37.71,57.85,59.14,51.5,0.0,20.26,56.48,57.88,48.76,57.52,0.0,47.28,24.07,0.0,23.56,28.67,27.36,33.51,35.87,53.46,48.93,53.16,21.43,24.89,34.39,38.46,37.57,0.0,38.58,35.43,32.83,49.34,53.46,43.83,43.18,52.76,32.94,0.0,30.29,46.1,21.94,58.18,48.88,31.2,45.48,52.12,34.61,44.16,44.37,53.26,49.86,40.82,31.17,0.0,50.83,33.11,25.16,40.14,41.44,0.0,50.27,35.84,43.1,0.0,49.68,56.65,0.0,41.09,29.26,51.3,26.9,48.82,24.6,51.19,29.93,0.0,0.0,42.04,47.09,29.0,44.42,52.99
58.29,36.48,48.56,33.12,39.93,52.82,59.7,35.38,42.13,35.63,54.81,25.0,0.0,32.84,50.52,0.0,0.0,43.81,25.57,31.36,53.76,45.17,20.26,0.0,43.99,0.0,20.24,56.48,30.28,32.29,40.76,29.06,39.72,55.42,52.3,33.81,54.93,39.84,58.54,57.39,40.28,48.9,52.21,45.63,0.0,21.12,36.51,0.0,0.0,0.0,40.09,25.17,47.0,21.71,22.71,36.54,47.44,38.87,36.92,32.6,55.86,49.62,45.86,25.39,56.0,35.03,25.8,0.0,27.19,43.15,35.05,0.0,39.6,0.0,42.14,26.21,28.79,31.22,25.94,44.59,37.77,57.72,51.11,31.94,45.33,43.76,43.3,46.34,52.56,30.32,22.94,42.92,0.0,21.35,34.16,48.7,52.54,22.91,23.28,32.3
53.3,52.18,0.0,36.14,49.57,32.92,41.96,58.78,37.35,49.48,51.13,38.79,25.25,50.7,35.15,55.09,42.96,25.02,56.77,52.31,53.61,21.82,56.48,43.99,0.0,25.82,46.02,34.67,53.9,58.24,0.0,32.55,0.0,39.74,45.45,25.92,52.58,33.27,0.0,0.0,54.11,22.85,24.2,44.56,37.0,0.0,44.12,42.44,26.28,52.83,30.95,38.83,31.76,46.45,23.7,0.0,51.62,55.57,58.07,33.45,39.3,44.76,22.84,45.0,42.61,44.66,41.46,22.97,26.24,0.0,43.99,29.58,53.49,0.0,28.38,23.97,43.3,41.08,47.77,55.47,0.0,31.45,47.81,52.62,30.97,21.6,58.02,0.0,29.7,37.79,34.1,39.63,59.15,21.56,24.93,59.21,43.12,31.02,0.0,23.25
54.49,55.07,45.03,29.33,30.71,40.3,24.37,32.23,54.84,33.7,29.56,40.74,30.91,55.4,42.75,20.16,0.0,0.0,58.76,45.06,54.76,34.81,57.88,0.0,25.82,0.0,28.41,23.65,35.61,42.18,26.49,37.05,37.16,0.0,56.9,47.97,34.99,0.0,20.4,0.0,50.64,37.48,51.94,26.81,35.2,46.21,0.0,0.0,57.96,23.46,20.06,49.76,0.0,0.0,57.63,0.0,32.12,30.23,58.85,39.08,45.21,55.78,22.92,30.37,21.59,38.61,28.53,47.59,27.99,38.4,45.82,49.64,54.51,40.95,27.42,36.42,27.89,42.22,22.94,37.82,36.9,38.47,37.02,27.76,27.71,29.32,0.0,34.23,25.92,59.21,21.75,45.3,38.84,30.51,20.09,0.0,32.42,42.83,48.48,36.6
23.16,40.03,25.87,43.24,44.95,20.9,56.89,29.42,28.25,51.73,32.26,51.03,46.73,58.35,38.84,0.0,22.05,37.63,59.42,40.48,56.38,36.29,48.76,20.24,46.02,28.41,0.0,28.78,23.34,25.79,32.32,0.0,32.57,44.45,44.06,56.22,50.78,29.75,0.0,53.5,20.41,0.0,38.8,24.16,42.81,58.47,49.91,57.92,21.1,57.58,55.62,20.25,0.0,37.53,27.31,26.79,31.87,57.47,23.41,32.84,58.28,32.86,27.79,49.68,27.87,31.96,23.9,48.01,51.2,26.78,35.02,0.0,29.51,27.07,47.12,31.22,0.0,36.15,38.5,29.73,41.03,42.05,43.83,44.25,0.0,43.83,0.0,35.24,27.08,30.52,24.32,25.63,27.21,50.64,57.87,24.7,25.93,39.22,50.1,45.94
0.0,51.79,59.46,43.94,23.03,24.64,54.36,51.18,0.0,52.07,39.93,52.91,32.57,55.72,26.33,32.07,59.59,0.0,31.72,37.59,38.47,58.79,57.52,56.48,34.67,23.65,28.78,0.0,20.14,31.48,51.45,29.53,43.54,47.4,22.18,35.39,51.7,42.72,39.87,37.45,55.85,37.59,46.17,20.6,49.76,24.43,21.57,42.99,37.41,27.05,31.31,29.34,32.12,44.87,51.56,0.0,40.55,55.92,45.83,30.64,20.63,57.96,50.71,48.55,25.59,0.0,31.13,20.82,41.61,22.57,0.0,28.77,34.95,47.39,35.69,30.9,26.04,56.58,0.0,35.96,31.1,48.14,34.92,33.41,35.82,58.09,49.93,32.88,0.0,50.89,54.04,43.3,47.55,41.73,24.34,57.23,0.0,26.22,31.99,41.52
34.32,58.68,35.3,50.42,32.88,26.13,0.0,43.81,36.87,58.93,47.73,23.8,26.08,26.85,22.98,25.27,23.71,51.85,49.48,33.81,38.5,54.33,0.0,30.28,53.9,35.61,23.34,20.14,0.0,51.59,0.0,50.41,47.64,53.81,27.42,39.22,0.0,42.48,50.41,52.29,47.81,36.77,24.58,42.25,0.0,44.65,0.0,42.99,32.72,24.17,40.81,30.21,48.37,42.33,25.78,29.12,0.0,42.05,47.75,21.69,43.97,38.74,42.75,49.1,29.13,0.0,51.35,27.1,53.51,29.03,28.39,0.0,38.79,20.43,0.0,51.76,35.64,31.24,52.82,56.17,0.0,0.0,21.77,43.67,34.63,51.31,47.55,50.34,20.2,0.0,51.52,36.64,57.83,28.69,20.64,35.68,48.53,52.09,40.16,35.84
24.27,48.08,47.72,24.56,49.81,38.49,21.73,24.28,30.74,41.05,20.64,36.62,0.0,0.0,51.26,28.27,33.85,39.47,51.8,57.4,25.9,53.57,47.28,32.29,58.24,42.18,25.79,31.48,51.59,0.0,30.18,0.0,45.24,48.2,39.77,44.54,37.59,22.56,59.13,28.26,46.7,45.14,47.57,42.08,50.55,0.0,53.11,51.51,53.39,31.16,55.44,22.55,43.6,0.0,59.59,36.61,36.25,33.97,37.98,36.29,30.0,27.76,25.94,0.0,51.45,27.13,47.81,52.25,0.0,22.35,54.95,54.67,21.57,53.31,0.0,39.53,32.67,43.06,31.42,55.52,33.47,57.13,48.58,59.94,27.91,0.0,35.86,59.49,23.75,46.97,47.69,0.0,57.47,27.84,21.79,33.41,0.0,22.91,43.15,45.83
39.57,28.65,46.75,25.45,0.0,47.16,43.32,0.0,23.47,59.28,23.27,44.28,0.0,44.37,0.0,39.83,36.57,35.46,34.66,37.13,48.94,54.23,24.07,40.76,0.0,26.49,32.32,51.45,0.0,30.18,0.0,28.8,39.29,36.49,35.89,32.92,41.46,52.96,28.1,29.82,52.17,48.8,43.25,39.19,41.84,38.15,54.35,0.0,36.42,44.34,50.09,23.82,48.05,51.97,30.46,56.88,0.0,23.87,35.47,30.52,41.82,31.51,0.0,53.63,58.67,26.24,49.52,0.0,58.1,36.81,26.55,21.27,41.46,47.39,40.23,46.47,33.27,29.46,40.43,21.51,39.16,52.74,37.63,54.02,52.47,54.75,33.25,26.86,54.31,36.86,47.25,50.52,22.79,23.68,37.19,49.96,48.33,48.99,51.11,50.17
0.0,56.93,51.65,54.23,39.36,23.1,50.32,55.71,28.31,30.28,48.94,45.28,31.88,48.82,44.69,39.45,41.76,58.36,46.81,24.19,0.0,42.52,0.0,29.06,32.55,37.05,0.0,29.53,50.41,0.0,28.8,0.0,51.56,0.0,36.74,31.68,59.77,36.44,35.64,54.48,33.08,57.66,28.98,53.88,57.53,31.57,0.0,57.52,40.49,53.64,24.24,31.71,47.52,28.12,49.36,41.21,58.89,0.0,41.12,0.0,57.41,29.82,22.49,45.93,0.0,26.05,47.81,0.0,38.36,33.23,34.27,45.43,54.98,58.14,51.21,40.86,42.96,28.71,31.29,45.4,40.22,57.19,54.53,0.0,33.67,46.53,35.13,47.06,0.0,20.21,51.09,58.27,53.05,36.3,0.0,42.49,0.0,49.71,39.0,35.01
35.98,41.71,47.02,36.24,58.51,54.72,38.15,40.46,23.36,33.7,0.0,42.39,22.58,36.18,46.95,42.4,50.71,0.0,50.09,34.32,22.6,43.75,23.56,39.72,0.0,37.16,32.57,43.54,47.64,45.24,39.29,51.56,0.0,42.68,0.0,41.03,57.82,54.42,33.29,55.34,59.5,43.29,33.6,34.8,47.57,22.0,52.27,39.61,54.69,34.94,35.9,54.55,37.81,26.29,0.0,58.34,0.0,41.56,23.88,0.0,28.67,56.36,21.31,43.44,54.87,0.0,23.56,30.33,46.07,0.0,43.7,0.0,45.12,20.69,0.0,0.0,0.0,44.17,40.11,0.0,36.45,0.0,27.67,50.65,54.11,50.67,57.22,34.84,25.02,46.32,53.1,57.91,53.83,48.53,43.63,30.6,23.48,0.0,51.93,20.75
52.89,38.4,31.1,30.87,41.79,32.78,44.97,45.63,59.58,51.76,27.93,57.98,59.18,32.99,55.35,49.82,43.76,24.17,0.0,32.46,25.35,58.92,28.67,55.42,39.74,0.0,44.45,47.4,53.81,48.2,36.49,0.0,42.68,0.0,22.62,42.8,38.64,45.21,46.21,0.0,25.21,23.33,45.5,27.22,55.21,0.0,32.17,20.42,0.0,22.55,26.21,54.6,41.5,24.54,24.61,44.68,53.72,54.25,36.65,27.27,43.78,29.18,39.84,22.84,25.35,54.86,37.75,37.45,41.03,20.66,24.91,56.17,25.05,28.81,54.52,22.99,22.18,25.14,35.17,52.66,44.83,26.08,23.43,0.0,29.82,0.0,35.57,35.21,22.6,40.52,21.11,21.35,36.42,20.28,33.37,51.01,57.77,26.9,27.88,47.54
54.64,44.33,40.9,58.71,30.71,48.79,28.19,39.32,32.23,23.84,52.39,49.45,56.35,36.3,37.56,46.55,27.13,24.22,22.83,34.56,57.73,0.0,27.36,52.3,45.45,56.9,44.06,22.18,27.42,39.77,35.89,36.74,0.0,22.62,0.0,37.32,23.53,57.52,39.44,34.08,57.48,20.13,21.65,34.71,29.26,58.77,41.31,51.32,51.24,0.0,46.41,38.86,38.23,0.0,34.0,38.76,26.6,58.3,59.38,0.0,56.72,38.91,58.28,40.06,52.15,45.87,31.89,55.38,41.79,48.42,46.98,23.0,59.56,20.49,24.21,22.36,32.83,0.0,48.09,24.02,54.29,40.84,22.68,25.8,21.18,25.5,23.91,32.28,55.16,0.0,49.42,26.9,39.84,45.35,23.27,48.27,41.08,23.26,35.66,31.19
39.01,0.0,0.0,38.21,56.44,20.71,35.9,43.33,41.95,54.26,55.46,42.96,26.91,0.0,0.0,27.45,53.58,35.75,36.42,30.51,42.06,40.31,33.51,33.81,25.92,47.97,56.22,35.39,39.22,44.54,32.92,31.68,41.03,42.8,37.32,0.0,20.41,36.18,40.36,58.15,31.49,57.08,39.87,27.9,28.79,55.24,43.16,40.45,0.0,59.26,51.13,49.69,26.22,47.94,0.0,50.12,32.14,39.46,21.71,52.52,23.34,47.64,29.82,0.0,23.32,52.56,37.77,52.85,46.03,34.17,0.0,32.72,0.0,33.63,54.35,0.0,40.17,43.42,30.72,39.05,51.95,55.07,34.3,48.95,20.66,50.09,54.5,24.66,33.64,22.71,0.0,21.25,29.14,54.74,57.48,47.34,28.71,23.23,20.13,29.48
48.76,20.98,21.12,54.78,0.0,27.58,37.96,49.62,26.0,29.01,20.85,56.37,0.0,23.38,24.01,0.0,43.72,43.19,24.92,57.96,57.11,55.64,35.87,54.93,52.58,34.99,50.78,51.7,0.0,37.59,41.46,59.77,57.82,38.64,23.53,20.41,0.0,34.67,50.65,29.29,44.23,20.58,31.94,0.0,36.41,38.76,54.28,34.17,50.98,34.67,0.0,34.98,40.39,44.37,0.0,36.14,57.16,54.17,36.88,40.87,33.42,24.7,0.0,22.07,51.74,53.08,55.18,45.54,0.0,28.58,38.8,30.82,27.53,26.66,52.79,48.34,39.58,21.54,0.0,0.0,21.49,49.16,0.0,45.03,41.51,51.03,59.13,39.23,51.27,27.46,0.0,49.49,28.02,57.86,49.74,26.81,0.0,47.09,46.81,23.14
21.51,54.34,23.95,40.29,47.87,54.58,30.8,55.39,35.39,35.16,37.0,31.33,30.62,0.0,53.76,41.31,32.26,0.0,0.0,58.52,30.45,23.42,53.46,39.84,33.27,0.0,29.75,42.72,42.48,22.56,52.96,36.44,54.42,45.21,57.52,36.18,34.67,0.0,44.12,54.13,28.17,52.99,49.4,46.71,46.93,48.84,52.28,44.2,56.92,56.98,37.42,53.07,50.8,20.33,58.59,54.66,55.02,0.0,53.91,43.68,39.02,20.36,23.36,58.15,29.66,0.0,29.62,51.97,57.63,32.23,27.83,49.09,35.37,35.62,0.0,46.95,52.22,0.0,31.11,0.0,59.17,25.37,38.52,33.07,30.4,48.47,44.08,21.84,57.38,28.71,0.0,56.45,43.71,33.83,24.68,43.07,26.22,39.25,0.0,57.84
33.65,21.32,22.53,44.92,0.0,36.92,33.93,53.83,45.81,43.29,0.0,59.35,0.0,59.3,26.87,54.85,52.09,27.11,0.0,48.44,39.94,44.96,48.93,58.54,0.0,20.4,0.0,39.87,50.41,59.13,28.1,35.64,33.29,46.21,39.44,40.36,50.65,44.12,0.0,29.99,41.36,40.41,41.09,50.35,35.29,38.74,0.0,41.38,42.2,56.42,0.0,37.97,20.32,33.33,0.0,33.02,36.45,36.75,38.56,0.0,0.0,45.92,0.0,44.4,36.45,39.97,23.06,36.44,31.39,41.93,34.43,39.1,43.89,29.56,45.79,37.86,25.28,20.84,54.6,49.93,46.35,58.52,59.94,0.0,50.01,40.15,25.12,0.0,36.09,34.03,35.74,59.83,34.04,53.01,34.34,45.28,42.75,26.31,29.5,52.92
27.45,35.33,22.54,52.23,40.66,0.0,46.32,30.69,48.51,29.67,58.18,25.83,55.49,0.0,36.35,25.45,0.0,20.41,54.15,55.32,43.99,44.0,53.16,57.39,0.0,0.0,53.5,37.45,52.29,28.26,29.82,54.48,55.34,0.0,34.08,58.15,29.29,54.13,29.99,0.0,46.99,0.0,0.0,0.0,34.84,24.86,54.92,52.24,23.17,58.69,42.61,33.27,36.3,51.56,0.0,45.6,43.59,26.63,56.09,28.44,41.83,42.42,44.88,0.0,58.9,50.77,59.61,41.04,25.19,28.22,55.72,57.71,24.7,0.0,40.06,0.0,51.55,59.77,23.26,34.53,37.21,23.85,51.75,47.8,59.08,46.66,50.23,0.0,38.05,42.35,29.69,46.07,50.11,31.09,42.15,31.69,47.25,56.87,24.22,0.0
35.6,31.07,56.93,49.8,21.58,34.41,37.49,0.0,32.6,20.22,36.95,21.16,34.6,59.59,52.74,33.92,50.67,23.83,49.19,0.0,22.85,39.91,21.43,40.28,54.11,50.64,20.41,55.85,47.81,46.7,52.17,33.08,59.5,25.21,57.48,31.49,44.23,28.17,41.36,46.99,0.0,40.07,0.0,47.12,41.21,22.42,46.25,42.19,54.06,48.05,27.77,37.15,0.0,42.12,0.0,22.57,50.45,52.46,39.9,43.07,29.35,38.31,33.74,53.71,57.3,35.94,53.22,46.6,54.34,39.4,0.0,20.88,43.18,0.0,25.92,28.26,44.54,44.26,29.05,48.56,52.42,24.14,47.73,38.24,56.08,39.12,46.69,51.55,36.73,39.1,0.0,42.33,38.26,20.35,32.89,0.0,26.2,47.7,51.22,0.0
57.3,53.19,44.36,54.33,46.61,46.62,45.73,40.57,48.28,32.3,56.32,0.0,53.15,26.0,46.57,0.0,21.04,40.73,24.16,24.06,28.17,0.0,24.89,48.9,22.85,37.48,0.0,37.59,36.77,45.14,48.8,57.66,43.29,23.33,20.13,57.08,20.58,52.99,40.41,0.0,40.07,0.0,56.45,46.43,21.49,31.67,34.79,30.43,41.18,40.27,41.14,34.48,26.7,42.14,28.74,34.22,25.15,0.0,30.64,57.02,42.72,0.0,46.04,36.51,0.0,56.68,0.0,25.24,25.78,31.29,37.56,24.6,0.0,37.24,29.01,21.43,23.38,56.0,49.94,0.0,46.74,21.16,0.0,52.3,46.03,34.77,58.09,35.13,0.0,21.67,25.83,32.21,49.42,22.37,38.64,59.1,0.0,49.94,0.0,0.0
42.12,31.01,22.4,34.46,0.0,0.0,44.04,29.39,40.32,52.52,39.06,52.06,29.29,35.57,29.59,0.0,41.94,47.03,51.95,45.37,34.32,24.76,34.39,52.21,24.2,51.94,38.8,46.17,24.58,47.57,43.25,28.98,33.6,45.5,21.65,39.87,31.94,49.4,41.09,0.0,0.0,56.45,0.0,42.57,0.0,30.34,30.12,52.09,35.76,57.0,0.0,42.01,34.04,22.3,42.05,0.0,36.18,56.67,27.76,46.75,47.32,23.51,52.08,32.63,0.0,28.73,40.78,0.0,37.05,35.6,43.64,48.01,0.0,41.48,23.64,41.38,31.71,51.42,51.11,38.64,25.76,28.32,0.0,24.89,46.56,0.0,59.62,21.66,0.0,54.59,20.17,38.39,47.67,43.0,41.61,53.94,26.02,40.66,32.28,27.72
48.61,26.96,20.29,22.94,31.61,44.57,42.88,27.03,43.86,22.15,0.0,56.12,46.95,23.3,57.8,23.57,54.69,36.54,0.0,0.0,44.94,27.61,38.46,45.63,44.56,26.81,24.16,20.6,42.25,42.08,39.19,53.88,34.8,27.22,34.71,27.9,0.0,46.71,50.35,0.0,47.12,46.43,42.57,0.0,24.38,23.07,45.23,24.03,51.78,26.82,0.0,21.47,32.28,50.36,27.98,38.91,57.9,51.81,55.71,34.74,20.94,51.48,39.86,44.36,57.3,41.21,27.31,0.0,0.0,25.85,0.0,44.49,35.73,54.66,24.77,48.57,45.6,29.11,26.9,31.51,50.36,48.5,53.1,0.0,50.28,48.38,0.0,52.64,23.35,43.49,52.14,54.86,23.39,52.98,56.74,36.68,27.79,51.33,35.83,37.9
39.39,0.0,58.62,54.06,39.15,45.54,59.06,52.57,51.53,23.48,0.0,50.84,35.4,28.36,40.11,50.54,30.02,0.0,43.0,58.03,41.91,20.61,37.57,0.0,37.0,35.2,42.81,49.76,0.0,50.55,41.84,57.53,47.57,55.21,29.26,28.79,36.41,46.93,35.29,34.84,41.21,21.49,0.0,24.38,0.0,57.8,27.81,39.39,39.37,26.96,30.62,55.3,51.82,0.0,20.95,0.0,48.54,0.0,0.0,50.45,45.61,32.26,47.98,20.71,57.0,52.24,54.17,54.3,0.0,0.0,39.77,58.51,29.31,0.0,36.9,35.61,52.3,42.32,32.35,36.07,22.8,22.12,28.57,24.57,44.69,33.9,21.12,23.93,23.7,0.0,31.1,49.28,51.46,37.64,49.53,22.31,0.0,51.7,44.61,26.68
51.29,22.27,39.73,26.94,47.11,51.31,56.31,32.86,41.33,39.58,41.58,37.41,38.09,23.31,0.0,58.99,47.45,57.85,41.15,45.59,30.62,38.85,0.0,21.12,0.0,46.21,58.47,24.43,44.65,0.0,38.15,31.57,22.0,0.0,58.77,55.24,38.76,48.84,38.74,24.86,22.42,31.67,30.34,23.07,57.8,0.0,21.46,52.89,37.94,0.0,22.6,42.62,53.91,28.16,51.96,44.46,57.43,38.11,32.47,46.46,57.7,32.31,48.78,22.45,32.35,36.5,41.63,32.41,43.18,39.5,26.46,52.72,23.21,54.67,26.87,40.21,0.0,49.5,21.52,42.38,31.39,0.0,38.43,0.0,59.54,41.59,47.96,29.11,30.43,40.98,22.82,48.65,21.71,0.0,59.67,34.38,34.34,32.02,0.0,46.2
56.56,45.72,0.0,44.76,49.19,36.33,58.1,32.5,28.05,43.5,0.0,57.9,41.27,0.0,21.91,23.24,29.25,37.52,44.59,20.85,24.04,41.37,38.58,36.51,44.12,0.0,49.91,21.57,0.0,53.11,54.35,0.0,52.27,32.17,41.31,43.16,54.28,52.28,0.0,54.92,46.25,34.79,30.12,45.23,27.81,21.46,0.0,58.14,52.49,26.68,0.0,59.12,55.98,47.43,49.76,38.89,43.16,44.36,29.45,35.75,50.44,29.62,46.08,40.06,22.69,47.18,55.1,41.32,44.09,56.07,30.08,22.47,21.51,21.56,22.72,50.77,49.85,34.63,41.86,22.06,24.52,47.74,34.04,28.57,25.99,38.83,0.0,23.04,0.0,26.06,59.61,27.26,29.59,24.62,24.61,22.26,27.43,58.44,49.08,37.58
36.39,47.37,29.9,30.45,20.53,0.0,56.46,22.56,44.47,34.66,34.52,52.22,28.88,24.7,24.08,40.77,59.01,33.82,33.51,46.39,0.0,38.37,35.43,0.0,42.44,0.0,57.92,42.99,42.99,51.51,0.0,57.52,39.61,20.42,51.32,40.45,34.17,44.2,41.38,52.24,42.19,30.43,52.09,24.03,39.39,52.89,58.14,0.0,21.98,26.77,42.58,58.54,40.04,43.92,35.66,55.26,55.78,59.95,33.18,53.99,45.71,39.72,0.0,0.0,38.99,56.26,20.26,44.22,35.36,49.07,34.74,34.81,58.33,53.24,59.52,38.5,49.2,38.22,33.6,42.12,27.51,25.71,33.74,33.45,0.0,52.19,21.17,28.27,20.16,32.23,58.62,53.0,39.44,39.3,45.85,56.91,40.34,0.0,52.41,33.47
38.94,0.0,47.85,34.44,34.13,35.83,51.59,44.76,32.36,38.8,35.12,39.11,57.55,45.83,35.34,44.57,54.32,52.34,36.7,20.47,0.0,30.52,32.83,0.0,26.28,57.96,21.1,37.41,32.72,53.39,36.42,40.49,54.69,0.0,51.24,0.0,50.98,56.92,42.2,23.17,54.06,41.18,35.76,51.78,39.37,37.94,52.49,21.98,0.0,0.0,35.09,54.0,35.55,30.65,40.45,26.43,0.0,20.44,30.43,40.61,30.23,43.73,54.48,56.69,46.94,43.86,55.28,44.01,52.99,45.98,58.85,33.51,53.43,0.0,30.18,28.63,21.43,38.04,42.43,54.79,39.31,25.67,50.61,47.0,59.11,26.55,40.23,0.0,30.13,0.0,21.13,56.34,0.0,28.31,39.76,37.54,42.25,52.95,0.0,55.79
29.46,48.33,0.0,54.59,51.3,39.07,43.6,25.9,27.52,22.8,0.0,32.24,36.22,42.16,30.83,31.02,33.01,56.48,28.39,45.13,33.23,26.25,49.34,0.0,52.83,23.46,57.58,27.05,24.17,31.16,44.34,53.64,34.94,22.55,0.0,59.26,34.67,56.98,56.42,58.69,48.05,40.27,57.0,26.82,26.96,0.0,26.68,26.77,0.0,0.0,34.01,35.2,39.6,21.6,27.32,0.0,42.75,40.98,22.67,50.36,20.68,56.67,39.2,52.48,31.65,51.79,25.98,55.43,24.55,51.6,0.0,35.0,38.29,39.34,48.53,30.39,34.37,45.33,58.03,0.0,26.26,25.99,27.27,36.48,37.71,30.66,0.0,55.83,52.77,26.1,53.97,42.38,0.0,48.86,33.03,32.5,31.52,59.17,21.44,45.81
41.41,35.23,0.0,36.64,48.25,0.0,20.08,40.26,27.3,50.81,42.54,23.08,32.68,34.66,22.24,57.46,38.17,47.98,0.0,26.09,27.44,54.35,53.46,40.09,30.95,20.06,55.62,31.31,40.81,55.44,50.09,24.24,35.9,26.21,46.41,51.13,0.0,37.42,0.0,42.61,27.77,41.14,0.0,0.0,30.62,22.6,0.0,42.58,35.09,34.01,0.0,58.54,57.41,55.17,26.79,50.9,0.0,45.26,0.0,50.12,25.3,38.4,0.0,47.92,26.19,53.02,21.92,44.71,0.0,51.36,46.86,34.53,32.2,22.71,56.83,34.93,0.0,56.65,25.58,29.38,39.15,31.92,56.01,27.34,51.09,56.18,25.08,28.22,23.09,0.0,39.62,38.5,39.06,32.08,36.05,32.49,53.66,57.89,59.42,43.91
24.94,0.0,53.3,36.74,27.56,27.61,36.64,21.54,31.0,21.97,24.47,0.0,0.0,59.78,52.13,37.67,25.67,0.0,55.1,31.46,42.38,30.52,43.83,25.17,38.83,49.76,20.25,29.34,30.21,22.55,23.82,31.71,54.55,54.6,38.86,49.69,34.98,53.07,37.97,33.27,37.15,34.48,42.01,21.47,55.3,42.62,59.12,58.54,54.0,35.2,58.54,0.0,53.78,39.47,44.36,34.57,33.04,35.52,0.0,40.99,54.36,21.1,0.0,35.23,57.43,57.92,55.19,50.84,58.18,34.99,40.58,0.0,33.51,0.0,36.31,40.49,23.55,21.44,22.68,35.09,26.01,35.87,41.29,29.36,31.92,54.14,23.93,55.96,52.89,49.08,0.0,28.79,29.61,24.29,35.84,35.42,23.02,36.12,26.23,0.0
39.43,49.61,45.9,47.98,50.72,40.02,37.22,58.98,45.8,49.02,35.75,53.84,58.53,40.06,53.96,0.0,0.0,0.0,50.52,36.08,38.14,40.89,43.18,47.0,31.76,0.0,0.0,32.12,48.37,43.6,48.05,47.52,37.81,41.5,38.23,26.22,40.39,50.8,20.32,36.3,0.0,26.7,34.04,32.28,51.82,53.91,55.98,40.04,35.55,39.6,57.41,53.78,0.0,26.03,33.64,53.94,56.72,0.0,46.52,23.07,0.0,52.91,0.0,0.0,59.82,32.92,58.01,56.84,26.5,29.95,31.73,47.48,29.04,39.77,28.73,41.97,24.7,40.31,26.38,26.73,49.91,48.48,0.0,24.08,53.87,50.89,22.68,35.4,49.12,34.18,37.19,0.0,35.84,25.71,35.63,48.22,34.6,27.5,34.23,24.29
46.61,29.24,0.0,29.2,53.64,26.3,50.03,49.22,59.37,59.7,39.73,56.94,57.76,33.55,23.23,0.0,49.86,52.5,0.0,54.83,0.0,47.36,52.76,21.71,46.45,0.0,37.53,44.87,42.33,0.0,51.97,28.12,26.29,24.54,0.0,47.94,44.37,20.33,33.33,51.56,42.12,42.14,22.3,50.36,0.0,28.16,47.43,43.92,30.65,21.6,55.17,39.47,26.03,0.0,40.41,41.79,27.87,50.13,20.0,0.0,44.31,55.42,47.26,46.24,57.2,35.21,20.01,45.53,51.86,57.7,51.78,22.57,58.63,24.99,27.44,35.03,28.16,24.89,44.41,51.54,59.91,37.45,0.0,37.38,36.76,28.12,49.32,58.05,33.66,42.61,26.39,0.0,0.0,55.47,48.53,0.0,0.0,37.16,47.73,37.51
48.01,58.7,26.5,55.85,57.41,20.33,57.33,35.32,28.12,30.87,57.12,50.8,44.16,21.87,0.0,29.5,43.55,21.71,30.13,40.96,37.0,26.05,32.94,22.71,23.7,57.63,27.31,51.56,25.78,59.59,30.46,49.36,0.0,24.61,34.0,0.0,0.0,58.59,0.0,0.0,0.0,28.74,42.05,27.98,20.95,51.96,49.76,35.66,40.45,27.32,26.79,44.36,33.64,40.41,0.0,35.03,38.36,34.5,27.17,22.54,36.44,42.36,36.67,29.24,53.19,0.0,59.36,0.0,29.66,0.0,30.86,27.63,44.06,35.55,44.43,0.0,48.98,22.83,27.74,40.93,50.45,40.39,42.73,57.47,43.12,28.47,26.44,52.51,45.38,37.14,35.0,47.01,0.0,51.85,38.12,0.0,55.38,35.28,0.0,45.68
52.66,27.64,52.59,27.03,0.0,27.41,41.94,48.13,46.69,45.56,45.86,43.38,30.53,26.76,0.0,29.44,30.17,33.16,35.07,32.54,47.42,33.03,0.0,36.54,0.0,0.0,26.79,0.0,29.12,36.61,56.88,41.21,58.34,44.68,38.76,50.12,36.14,54.66,33.02,45.6,22.57,34.22,0.0,38.91,0.0,44.46,38.89,55.26,26.43,0.0,50.9,34.57,53.94,41.79,35.03,0.0,23.58,31.17,49.33,40.22,41.81,26.82,0.0,20.16,30.64,48.69,20.95,42.96,48.73,28.35,41.83,37.18,21.49,53.48,30.02,27.64,24.44,29.05,27.63,0.0,30.19,33.98,0.0,41.16,40.35,40.37,47.61,41.77,30.52,28.24,33.79,54.77,21.82,35.73,57.44,0.0,52.33,0.0,43.04,57.74
25.14,0.0,0.0,41.64,0.0,31.28,56.11,50.28,31.68,24.89,46.61,54.6,34.44,53.34,54.41,0.0,43.52,49.85,52.77,35.95,44.16,29.13,30.29,47.44,51.62,32.12,31.87,40.55,0.0,36.25,0.0,58.89,0.0,53.72,26.6,32.14,57.16,55.02,36.45,43.59,50.45,25.15,36.18,57.9,48.54,57.43,43.16,55.78,0.0,42.75,0.0,33.04,56.72,27.87,38.36,23.58,0.0,23.16,33.2,39.79,59.26,32.06,31.26,28.93,47.24,49.1,0.0,51.05,29.17,52.25,21.54,57.61,0.0,48.93,28.39,54.97,30.83,34.73,59.37,30.49,0.0,37.32,34.09,44.82,53.07,54.35,59.26,27.91,29.6,54.7,25.66,25.43,47.57,47.21,0.0,42.83,49.63,26.5,23.08,57.67
44.6,40.3,24.14,23.11,26.75,31.08,33.71,0.0,36.49,50.53,47.11,36.45,45.6,34.78,56.04,34.18,41.07,52.8,33.53,40.26,24.55,35.12,46.1,38.87,55.57,30.23,57.47,55.92,42.05,33.97,23.87,0.0,41.56,54.25,58.3,39.46,54.17,0.0,36.75,26.63,52.46,0.0,56.67,51.81,0.0,38.11,44.36,59.95,20.44,40.98,45.26,35.52,0.0,50.13,34.5,31.17,23.16,0.0,23.95,52.69,33.06,54.15,20.32,43.31,47.62,20.94,38.41,50.12,31.99,20.17,25.38,28.76,22.93,51.65,44.09,23.75,38.55,50.58,55.45,51.34,38.3,29.0,37.86,20.87,0.0,37.31,0.0,39.71,38.48,34.4,43.17,36.23,27.05,43.02,51.31,0.0,56.16,38.73,45.25,25.94
53.3,43.52,57.83,59.19,21.58,30.35,47.84,0.0,37.96,54.02,37.33,31.2,32.81,21.47,49.51,22.62,53.33,37.5,55.47,29.15,46.45,44.35,21.94,36.92,58.07,58.85,23.41,45.83,47.75,37.98,35.47,41.12,23.88,36.65,59.38,21.71,36.88,53.91,38.56,56.09,39.9,30.64,27.76,55.71,0.0,32.47,29.45,33.18,30.43,22.67,0.0,0.0,46.52,20.0,27.17,49.33,33.2,23.95,0.0,0.0,45.32,20.25,48.21,30.57,53.84,38.33,30.73,39.87,43.35,45.38,46.52,0.0,55.08,35.61,0.0,26.56,59.02,35.78,0.0,0.0,45.27,41.68,36.4,0.0,24.04,0.0,46.87,47.13,33.89,58.96,40.23,22.82,29.39,0.0,42.67,40.51,42.98,26.24,56.91,32.47
37.71,24.04,43.19,24.69,28.87,30.15,0.0,0.0,44.22,0.0,33.41,55.23,0.0,28.06,0.0,23.81,54.99,57.81,50.23,51.78,0.0,55.83,58.18,32.6,33.45,39.08,32.84,30.64,21.69,36.29,30.52,0.0,0.0,27.27,0.0,52.52,40.87,43.68,0.0,28.44,43.07,57.02,46.75,34.74,50.45,46.46,35.75,53.99,40.61,50.36,50.12,40.99,23.07,0.0,22.54,40.22,39.79,52.69,0.0,0.0,35.54,55.62,57.52,0.0,59.91,56.12,33.36,27.36,47.37,27.9,39.47,55.27,58.93,42.26,28.7,41.0,49.53,32.97,36.43,46.5,0.0,24.86,30.44,42.15,46.2,0.0,36.48,34.74,0.0,24.0,0.0,41.16,32.21,0.0,51.47,27.79,24.24,41.35,38.68,57.33
29.91,47.91,28.55,40.33,25.62,45.59,26.06,33.72,51.83,34.19,47.1,55.82,0.0,41.57,42.28,35.52,24.39,20.63,0.0,50.63,41.82,32.49,48.88,55.86,39.3,45.21,58.28,20.63,43.97,30.0,41.82,57.41,28.67,43.78,56.72,23.34,33.42,39.02,0.0,41.83,29.35,42.72,47.32,20.94,45.61,57.7,50.44,45.71,30.23,20.68,25.3,54.36,0.0,44.31,36.44,41.81,59.26,33.06,45.32,35.54,0.0,53.39,24.93,26.83,31.53,22.79,29.76,22.14,33.31,41.67,41.17,20.91,48.6,55.64,0.0,0.0,52.83,50.9,31.44,29.03,20.08,41.87,0.0,46.81,58.03,37.53,27.99,35.6,43.49,41.99,47.89,50.64,42.81,42.18,44.06,31.35,33.06,33.73,39.88,37.64
0.0,35.44,0.0,36.98,43.87,55.46,49.03,49.76,48.37,21.42,53.79,52.16,20.79,55.45,42.63,54.26,32.33,56.41,49.89,48.54,26.87,41.33,31.2,49.62,44.76,55.78,32.86,57.96,38.74,27.76,31.51,29.82,56.36,29.18,38.91,47.64,24.7,20.36,45.92,42.42,38.31,0.0,23.51,51.48,32.26,32.31,29.62,39.72,43.73,56.67,38.4,21.1,52.91,55.42,42.36,26.82,32.06,54.15,20.25,55.62,53.39,0.0,20.28,21.42,56.44,23.66,31.54,29.53,38.76,38.22,35.75,31.01,38.08,44.58,45.23,25.1,50.11,40.64,0.0,25.42,42.98,45.52,29.21,41.93,26.81,25.13,37.95,52.59,41.68,39.14,57.34,32.76,33.65,54.44,25.16,27.28,42.98,38.02,31.81,54.69
44.6,0.0,54.68,57.82,24.89,36.56,55.08,0.0,47.59,35.26,34.03,42.92,28.88,42.28,22.43,27.42,33.08,0.0,28.7,0.0,0.0,44.44,45.48,45.86,22.84,22.92,27.79,50.71,42.75,25.94,0.0,22.49,21.31,39.84,58.28,29.82,0.0,23.36,0.0,44.88,33.74,46.04,52.08,39.86,47.98,48.78,46.08,0.0,54.48,39.2,0.0,0.0,0.0,47.26,36.67,0.0,31.26,20.32,48.21,57.52,24.93,20.28,0.0,47.16,23.62,0.0,0.0,46.06,29.68,51.38,38.2,42.02,29.43,55.27,33.14,26.48,20.7,34.4,40.08,57.64,27.07,25.08,54.26,39.42,33.75,42.33,57.1,31.58,0.0,44.54,0.0,28.77,48.53,45.75,31.0,38.51,0.0,50.33,52.15,58.61
59.53,25.91,47.93,55.38,30.89,57.95,28.84,37.51,54.39,46.62,58.0,40.34,52.13,50.76,25.28,0.0,49.33,55.36,59.49,59.65,43.52,33.62,52.12,25.39,45.0,30.37,49.68,48.55,49.1,0.0,53.63,45.93,43.44,22.84,40.06,0.0,22.07,58.15,44.4,0.0,53.71,36.51,32.63,44.36,20.71,22.45,40.06,0.0,56.69,52.48,47.92,35.23,0.0,46.24,29.24,20.16,28.93,43.31,30.57,0.0,26.83,21.42,47.16,0.0,29.8,0.0,40.43,24.97,31.41,38.45,20.79,26.22,0.0,39.67,47.46,40.07,0.0,0.0,25.07,59.04,50.51,48.82,0.0,30.3,46.04,59.62,44.21,31.49,20.16,41.22,57.91,28.2,47.93,32.46,33.77,45.69,38.41,27.98,29.03,51.54
47.93,0.0,58.04,0.0,37.14,50.77,27.3,21.29,44.54,47.77,34.49,43.95,22.75,43.18,42.66,43.51,33.78,59.09,21.46,38.19,51.9,34.94,34.61,56.0,42.61,21.59,27.87,25.59,29.13,51.45,58.67,0.0,54.87,25.35,52.15,23.32,51.74,29.66,36.45,58.9,57.3,0.0,0.0,57.3,57.0,32.35,22.69,38.99,46.94,31.65,26.19,57.43,59.82,57.2,53.19,30.64,47.24,47.62,53.84,59.91,31.53,56.44,23.62,29.8,0.0,35.92,54.09,37.76,52.62,26.05,0.0,46.12,21.56,52.81,55.44,27.5,56.96,21.22,23.08,46.42,33.12,47.12,0.0,34.25,20.12,54.86,0.0,23.59,40.43,31.49,29.35,35.46,37.76,24.36,38.19,43.09,0.0,32.29,23.95,27.02
28.62,56.99,41.37,0.0,53.63,34.28,50.86,34.74,39.01,56.22,55.78,0.0,47.77,54.85,29.15,34.32,53.62,48.36,51.63,51.66,33.51,30.49,44.16,35.03,44.66,38.61,31.96,0.0,0.0,27.13,26.24,26.05,0.0,54.86,45.87,52.56,53.08,0.0,39.97,50.77,35.94,56.68,28.73,41.21,52.24,36.5,47.18,56.26,43.86,51.79,53.02,57.92,32.92,35.21,0.0,48.69,49.1,20.94,38.33,56.12,22.79,23.66,0.0,0.0,35.92,0.0,31.85,53.7,0.0,37.16,20.61,21.01,29.39,0.0,52.69,38.77,0.0,30.56,33.29,36.89,57.55,59.37,46.57,49.84,56.81,49.43,22.95,56.62,25.76,56.77,39.15,30.17,56.67,40.68,21.83,53.63,39.81,49.12,37.1,42.86
22.8,0.0,33.11,43.49,28.31,20.21,32.93,39.77,31.97,25.63,50.77,23.19,38.36,39.94,25.39,27.78,24.48,0.0,0.0,47.75,39.56,39.96,44.37,25.8,41.46,28.53,23.9,31.13,51.35,47.81,49.52,47.81,23.56,37.75,31.89,37.77,55.18,29.62,23.06,59.61,53.22,0.0,40.78,27.31,54.17,41.63,55.1,20.26,55.28,25.98,21.92,55.19,58.01,20.01,59.36,20.95,0.0,38.41,30.73,33.36,29.76,31.54,0.0,40.43,54.09,31.85,0.0,46.04,38.95,41.95,55.39,29.79,55.75,45.64,48.8,54.37,0.0,30.17,31.83,35.74,49.6,22.41,53.1,22.48,23.79,43.75,57.76,37.76,39.37,28.54,49.11,45.45,43.07,40.75,0.0,0.0,56.9,35.87,0.0,42.48
55.4,51.53,58.37,28.27,43.39,59.41,31.94,50.7,20.34,55.53,0.0,32.68,39.59,54.63,29.58,42.78,32.51,52.59,0.0,52.14,45.24,26.68,53.26,0.0,22.97,47.59,48.01,20.82,27.1,52.25,0.0,0.0,30.33,37.45,55.38,52.85,45.54,51.97,36.44,41.04,46.6,25.24,0.0,0.0,54.3,32.41,41.32,44.22,44.01,55.43,44.71,50.84,56.84,45.53,0.0,42.96,51.05,50.12,39.87,27.36,22.14,29.53,46.06,24.97,37.76,53.7,46.04,0.0,0.0,36.78,47.9,41.03,26.92,39.12,30.35,20.86,42.67,42.11,0.0,33.65,0.0,21.22,42.93,22.46,45.59,28.26,0.0,50.51,47.43,29.22,26.96,0.0,29.97,30.16,21.87,22.33,34.76,26.29,54.96,47.6
0.0,0.0,24.97,41.4,0.0,39.45,40.8,35.16,45.63,48.51,24.42,51.87,27.51,23.28,21.25,0.0,27.35,49.08,37.33,22.17,36.05,57.12,49.86,27.19,26.24,27.99,51.2,41.61,53.51,0.0,58.1,38.36,46.07,41.03,41.79,46.03,0.0,57.63,31.39,25.19,54.34,25.78,37.05,0.0,0.0,43.18,44.09,35.36,52.99,24.55,0.0,58.18,26.5,51.86,29.66,48.73,29.17,31.99,43.35,47.37,33.31,38.76,29.68,31.41,52.62,0.0,38.95,0.0,0.0,33.75,59.46,28.51,42.57,40.9,24.48,58.66,29.36,0.0,40.78,34.04,24.29,31.57,20.26,0.0,27.67,53.2,21.17,38.3,55.56,33.67,29.4,50.63,0.0,36.77,23.35,39.4,50.33,40.03,21.35,0.0
24.17,39.8,44.61,0.0,50.91,23.65,20.19,32.34,37.59,30.37,32.21,35.53,31.38,30.58,32.07,41.97,55.32,53.53,30.2,37.49,38.33,52.35,40.82,43.15,0.0,38.4,26.78,22.57,29.03,22.35,36.81,33.23,0.0,20.66,48.42,34.17,28.58,32.23,41.93,28.22,39.4,31.29,35.6,25.85,0.0,39.5,56.07,49.07,45.98,51.6,51.36,34.99,29.95,57.7,0.0,28.35,52.25,20.17,45.38,27.9,41.67,38.22,51.38,38.45,26.05,37.16,41.95,36.78,33.75,0.0,25.11,32.9,24.82,0.0,0.0,34.42,41.67,51.59,53.54,46.09,0.0,0.0,0.0,38.19,27.2,40.74,46.41,0.0,23.11,35.32,53.68,36.95,50.59,54.07,0.0,35.11,59.12,45.31,35.59,53.92
31.98,26.75,26.03,0.0,38.84,31.37,49.12,46.79,50.91,0.0,23.57,33.55,38.65,45.28,0.0,0.0,42.36,26.7,20.79,26.03,22.64,52.75,31.17,35.05,43.99,45.82,35.02,0.0,28.39,54.95,26.55,34.27,43.7,24.91,46.98,0.0,38.8,27.83,34.43,55.72,0.0,37.56,43.64,0.0,39.77,26.46,30.08,34.74,58.85,0.0,46.86,40.58,31.73,51.78,30.86,41.83,21.54,25.38,46.52,39.47,41.17,35.75,38.2,20.79,0.0,20.61,55.39,47.9,59.46,25.11,0.0,50.0,52.05,20.97,34.55,0.0,45.28,52.78,37.0,36.33,29.02,29.14,50.04,0.0,55.94,37.32,43.54,44.19,42.62,20.21,21.22,50.34,56.99,22.8,47.31,35.0,35.27,0.0,32.28,0.0
54.27,20.71,43.26,57.83,43.24,23.0,54.1,56.1,20.23,42.67,0.0,33.05,41.53,21.28,42.45,29.29,36.37,28.95,48.64,39.84,47.02,0.0,0.0,0.0,29.58,49.64,0.0,28.77,0.0,54.67,21.27,45.43,0.0,56.17,23.0,32.72,30.82,49.09,39.1,57.71,20.88,24.6,48.01,44.49,58.51,52.72,22.47,34.81,33.51,35.0,34.53,0.0,47.48,22.57,27.63,37.18,57.61,28.76,0.0,55.27,20.91,31.01,42.02,26.22,46.12,21.01,29.79,41.03,28.51,32.9,50.0,0.0,36.97,26.49,27.64,25.22,34.62,26.86,32.25,42.76,24.98,34.47,44.66,56.08,54.73,56.46,40.1,32.08,20.94,59.96,26.44,27.82,46.27,47.04,48.04,38.94,23.82,45.49,46.64,56.52
31.69,51.97,29.73,52.97,56.55,36.01,24.12,0.0,54.58,42.24,56.75,34.98,33.45,31.52,37.89,50.65,40.24,56.76,28.66,30.29,20.03,55.3,50.83,39.6,53.49,54.51,29.51,34.95,38.79,21.57,41.46,54.98,45.12,25.05,59.56,0.0,27.53,35.37,43.89,24.7,43.18,0.0,0.0,35.73,29.31,23.21,21.51,58.33,53.43,38.29,32.2,33.51,29.04,58.63,44.06,21.49,0.0,22.93,55.08,58.93,48.6,38.08,29.43,0.0,21.56,29.39,55.75,26.92,42.57,24.82,52.05,36.97,0.0,49.43,43.42,27.33,21.31,33.18,58.7,0.0,20.73,30.13,38.17,0.0,47.52,0.0,24.98,31.91,54.28,41.29,43.66,22.16,41.7,0.0,41.73,52.84,46.52,47.82,54.99,58.36
53.59,0.0,0.0,50.45,23.64,52.63,53.69,40.77,23.33,27.29,53.35,54.38,45.27,49.47,37.84,48.0,49.96,54.44,20.62,39.94,26.2,26.97,33.11,0.0,0.0,40.95,27.07,47.39,20.43,53.31,47.39,58.14,20.69,28.81,20.49,33.63,26.66,35.62,29.56,0.0,0.0,37.24,41.48,54.66,0.0,54.67,21.56,53.24,0.0,39.34,22.71,0.0,39.77,24.99,35.55,53.48,48.93,51.65,35.61,42.26,55.64,44.58,55.27,39.67,52.81,0.0,45.64,39.12,40.9,0.0,20.97,26.49,49.43,0.0,54.61,24.58,44.36,30.22,32.48,53.3,50.03,32.4,47.28,57.27,27.96,58.85,29.76,32.91,34.09,30.1,24.32,51.08,0.0,50.25,0.0,32.47,0.0,41.38,35.88,0.0
43.69,45.78,49.31,22.48,51.53,22.76,48.6,22.58,41.19,48.56,56.58,41.81,50.39,0.0,31.33,48.54,58.86,24.01,20.62,23.73,25.79,28.82,25.16,42.14,28.38,27.42,47.12,35.69,0.0,0.0,40.23,51.21,0.0,54.52,24.21,54.35,52.79,0.0,45.79,40.06,25.92,29.01,23.64,24.77,36.9,26.87,22.72,59.52,30.18,48.53,56.83,36.31,28.73,27.44,44.43,30.02,28.39,44.09,0.0,28.7,0.0,45.23,33.14,47.46,55.44,52.69,48.8,30.35,24.48,0.0,34.55,27.64,43.42,54.61,0.0,50.86,0.0,36.76,43.15,22.56,50.87,0.0,58.18,53.77,56.88,29.16,35.82,0.0,20.56,27.97,0.0,48.61,55.5,56.69,26.67,39.79,24.24,50.76,44.62,22.28
31.63,31.67,35.87,39.96,33.23,58.87,55.66,47.28,54.29,33.74,51.66,55.1,49.86,57.85,56.25,51.57,58.65,47.62,42.85,59.75,24.49,54.31,40.14,26.21,23.97,36.42,31.22,30.9,51.76,39.53,46.47,40.86,0.0,22.99,22.36,0.0,48.34,46.95,37.86,0.0,28.26,21.43,41.38,48.57,35.61,40.21,50.77,38.5,28.63,30.39,34.93,40.49,41.97,35.03,0.0,27.64,54.97,23.75,26.56,41.0,0.0,25.1,26.48,40.07,27.5,38.77,54.37,20.86,58.66,34.42,0.0,25.22,27.33,24.58,50.86,0.0,0.0,34.58,50.54,57.74,34.02,29.54,24.8,53.92,20.28,43.87,36.54,31.83,25.47,53.34,50.17,32.66,43.75,42.03,33.63,30.13,26.87,21.82,39.48,23.51
29.43,0.0,0.0,59.87,31.11,31.18,33.45,32.46,42.81,59.36,54.16,0.0,25.17,49.45,31.02,22.74,45.94,54.89,41.67,58.13,0.0,20.93,41.44,28.79,43.3,27.89,0.0,26.04,35.64,32.67,33.27,42.96,0.0,22.18,32.83,40.17,39.58,52.22,25.28,51.55,44.54,23.38,31.71,45.6,52.3,0.0,49.85,49.2,21.43,34.37,0.0,23.55,24.7,28.16,48.98,24.44,30.83,38.55,59.02,49.53,52.83,50.11,20.7,0.0,56.96,0.0,0.0,42.67,29.36,41.67,45.28,34.62,21.31,44.36,0.0,0.0,0.0,58.68,0.0,35.28,0.0,0.0,54.96,33.51,32.36,25.25,31.63,21.08,52.93,36.02,33.62,35.66,44.3,43.32,37.47,38.02,32.84,39.31,57.41,57.24
54.92,49.27,45.03,36.36,34.13,0.0,41.37,0.0,0.0,38.82,51.75,0.0,23.39,0.0,23.07,53.18,48.56,0.0,52.08,0.0,42.2,52.93,0.0,31.22,41.08,42.22,36.15,56.58,31.24,43.06,29.46,28.71,44.17,25.14,0.0,43.42,21.54,0.0,20.84,59.77,44.26,56.0,51.42,29.11,42.32,49.5,34.63,38.22,38.04,45.33,56.65,21.44,40.31,24.89,22.83,29.05,34.73,50.58,35.78,32.97,50.9,40.64,34.4,0.0,21.22,30.56,30.17,42.11,0.0,51.59,52.78,26.86,33.18,30.22,36.76,34.58,58.68,0.0,43.34,0.0,44.96,50.25,50.61,30.04,21.57,32.88,57.1,53.01,54.52,0.0,39.15,39.37,32.84,28.98,30.13,27.85,48.9,57.3,49.39,43.58
0.0,59.16,40.46,25.35,22.38,32.6,50.48,59.03,53.45,41.09,53.25,31.11,21.46,20.08,37.8,32.5,26.92,26.05,58.22,44.56,42.13,28.46,50.27,25.94,47.77,22.94,38.5,0.0,52.82,31.42,40.43,31.29,40.11,35.17,48.09,30.72,0.0,31.11,54.6,23.26,29.05,49.94,51.11,26.9,32.35,21.52,41.86,33.6,42.43,58.03,25.58,22.68,26.38,44.41,27.74,27.63,59.37,55.45,0.0,36.43,31.44,0.0,40.08,25.07,23.08,33.29,31.83,0.0,40.78,53.54,37.0,32.25,58.7,32.48,43.15,50.54,0.0,43.34,0.0,52.13,22.68,27.73,20.14,46.79,55.9,23.0,52.22,45.35,30.84,20.05,31.01,22.11,55.33,43.6,35.45,27.61,59.24,25.28,52.41,41.92
50.89,28.27,28.78,59.72,39.57,56.32,30.42,0.0,38.27,42.57,46.61,43.87,44.62,38.71,20.15,0.0,54.92,58.89,54.18,42.75,34.07,56.77,35.84,44.59,55.47,37.82,29.73,35.96,56.17,55.52,21.51,45.4,0.0,52.66,24.02,39.05,0.0,0.0,49.93,34.53,48.56,0.0,38.64,31.51,36.07,42.38,22.06,42.12,54.79,0.0,29.38,35.09,26.73,51.54,40.93,0.0,30.49,51.34,0.0,46.5,29.03,25.42,57.64,59.04,46.42,36.89,35.74,33.65,34.04,46.09,36.33,42.76,0.0,53.3,22.56,57.74,35.28,0.0,52.13,0.0,59.88,44.92,24.58,42.79,21.72,50.05,34.41,33.18,23.84,26.91,49.12,32.4,23.33,29.67,57.6,45.35,59.72,23.03,27.63,52.76
50.82,45.92,37.15,53.2,36.83,36.75,26.19,22.38,59.02,0.0,36.28,50.01,0.0,46.33,34.78,54.35,25.5,0.0,0.0,55.45,42.51,59.93,43.1,37.77,0.0,36.9,41.03,31.1,0.0,33.47,39.16,40.22,36.45,44.83,54.29,51.95,21.49,59.17,46.35,37.21,52.42,46.74,25.76,50.36,22.8,31.39,24.52,27.51,39.31,26.26,39.15,26.01,49.91,59.91,50.45,30.19,0.0,38.3,45.27,0.0,20.08,42.98,27.07,50.51,33.12,57.55,49.6,0.0,24.29,0.0,29.02,24.98,20.73,50.03,50.87,34.02,0.0,44.96,22.68,59.88,0.0,47.65,28.88,53.58,23.92,24.59,22.32,30.39,59.99,25.1,45.26,0.0,20.91,52.25,31.61,36.49,35.03,0.0,37.23,51.28
54.07,24.17,0.0,59.99,44.81,22.94,32.13,0.0,55.47,44.81,53.36,38.42,59.51,56.12,22.19,47.76,47.02,0.0,34.87,27.7,26.25,25.07,0.0,57.72,31.45,38.47,42.05,48.14,0.0,57.13,52.74,57.19,0.0,26.08,40.84,55.07,49.16,25.37,58.52,23.85,24.14,21.16,28.32,48.5,22.12,0.0,47.74,25.71,25.67,25.99,31.92,35.87,48.48,37.45,40.39,33.98,37.32,29.0,41.68,24.86,41.87,45.52,25.08,48.82,47.12,59.37,22.41,21.22,31.57,0.0,29.14,34.47,30.13,32.4,0.0,29.54,0.0,50.25,27.73,44.92,47.65,0.0,44.14,24.32,25.1,32.4,55.47,38.06,55.46,0.0,26.3,0.0,30.92,0.0,56.52,59.37,27.18,31.1,53.81,26.16
0.0,32.59,46.49,31.13,42.52,36.99,41.79,33.04,59.6,40.46,45.56,0.0,32.71,55.19,57.33,33.68,53.52,39.64,31.0,24.26,59.61,57.42,49.68,51.11,47.81,37.02,43.83,34.92,21.77,48.58,37.63,54.53,27.67,23.43,22.68,34.3,0.0,38.52,59.94,51.75,47.73,0.0,0.0,53.1,28.57,38.43,34.04,33.74,50.61,27.27,56.01,41.29,0.0,0.0,42.73,0.0,34.09,37.86,36.4,30.44,0.0,29.21,54.26,0.0,0.0,46.57,53.1,42.93,20.26,0.0,50.04,44.66,38.17,47.28,58.18,24.8,54.96,50.61,20.14,24.58,28.88,44.14,0.0,32.38,25.02,44.24,40.83,27.28,0.0,53.51,51.02,41.96,31.79,28.26,32.44,23.99,49.86,52.96,43.31,0.0
42.67,35.82,54.15,0.0,0.0,41.57,38.95,55.53,34.94,59.5,54.67,57.73,43.54,41.13,40.46,24.46,33.25,38.2,21.2,44.45,0.0,0.0,56.65,31.94,52.62,27.76,44.25,33.41,43.67,59.94,54.02,0.0,50.65,0.0,25.8,48.95,45.03,33.07,0.0,47.8,38.24,52.3,24.89,0.0,24.57,0.0,28.57,33.45,47.0,36.48,27.34,29.36,24.08,37.38,57.47,41.16,44.82,20.87,0.0,42.15,46.81,41.93,39.42,30.3,34.25,49.84,22.48,22.46,0.0,38.19,0.0,56.08,0.0,57.27,53.77,53.92,33.51,30.04,46.79,42.79,53.58,24.32,32.38,0.0,28.83,53.37,48.02,59.27,58.75,50.07,24.89,0.0,29.03,38.74,37.31,50.73,29.29,59.44,0.0,29.92
40.59,29.77,23.7,0.0,42.97,0.0,43.77,22.73,46.6,26.09,37.56,22.88,23.46,20.04,0.0,43.85,36.47,26.0,57.46,51.12,27.25,43.94,0.0,45.33,30.97,27.71,0.0,35.82,34.63,27.91,52.47,33.67,54.11,29.82,21.18,20.66,41.51,30.4,50.01,59.08,56.08,46.03,46.56,50.28,44.69,59.54,25.99,0.0,59.11,37.71,51.09,31.92,53.87,36.76,43.12,40.35,53.07,0.0,24.04,46.2,58.03,26.81,33.75,46.04,20.12,56.81,23.79,45.59,27.67,27.2,55.94,54.73,47.52,27.96,56.88,20.28,32.36,21.57,55.9,21.72,23.92,25.1,25.02,28.83,0.0,59.65,36.57,41.3,52.56,49.43,57.59,40.73,45.03,50.3,58.24,43.86,34.57,44.03,24.45,32.48
53.34,46.95,33.91,33.39,36.82,48.36,43.09,0.0,36.75,41.48,53.71,55.59,47.49,27.3,42.75,42.63,39.37,45.04,49.35,56.28,23.04,51.32,41.09,43.76,21.6,29.32,43.83,58.09,51.31,0.0,54.75,46.53,50.67,0.0,25.5,50.09,51.03,48.47,40.15,46.66,39.12,34.77,0.0,48.38,33.9,41.59,38.83,52.19,26.55,30.66,56.18,54.14,50.89,28.12,28.47,40.37,54.35,37.31,0.0,0.0,37.53,25.13,42.33,59.62,54.86,49.43,43.75,28.26,53.2,40.74,37.32,56.46,0.0,58.85,29.16,43.87,25.25,32.88,23.0,50.05,24.59,32.4,44.24,53.37,59.65,0.0,54.88,35.76,30.07,55.9,46.72,27.24,35.5,56.81,32.75,28.66,37.81,38.35,39.11,36.64
0.0,43.98,39.39,42.67,55.56,37.74,56.38,35.58,54.87,32.38,57.93,0.0,58.13,51.84,35.45,35.69,51.47,49.45,0.0,24.13,50.64,26.03,29.26,43.3,58.02,0.0,0.0,49.93,47.55,35.86,33.25,35.13,57.22,35.57,23.91,54.5,59.13,44.08,25.12,50.23,46.69,58.09,59.62,0.0,21.12,47.96,0.0,21.17,40.23,0.0,25.08,23.93,22.68,49.32,26.44,47.61,59.26,0.0,46.87,36.48,27.99,37.95,57.1,44.21,0.0,22.95,57.76,0.0,21.17,46.41,43.54,40.1,24.98,29.76,35.82,36.54,31.63,57.1,52.22,34.41,22.32,55.47,40.83,48.02,36.57,54.88,0.0,51.23,30.01,52.02,56.39,48.81,54.93,55.25,0.0,39.01,43.62,23.52,52.3,0.0
0.0,37.12,29.9,24.95,52.48,30.8,39.75,0.0,32.23,55.79,56.95,36.19,31.25,36.49,21.0,33.14,55.02,22.52,0.0,34.87,0.0,38.25,51.3,46.34,0.0,34.23,35.24,32.88,50.34,59.49,26.86,47.06,34.84,35.21,32.28,24.66,39.23,21.84,0.0,0.0,51.55,35.13,21.66,52.64,23.93,29.11,23.04,28.27,0.0,55.83,28.22,55.96,35.4,58.05,52.51,41.77,27.91,39.71,47.13,34.74,35.6,52.59,31.58,31.49,23.59,56.62,37.76,50.51,38.3,0.0,44.19,32.08,31.91,32.91,0.0,31.83,21.08,53.01,45.35,33.18,30.39,38.06,27.28,59.27,41.3,35.76,51.23,0.0,0.0,48.41,50.97,0.0,29.77,44.38,22.85,28.29,42.79,0.0,32.0,36.94
23.42,40.24,20.65,22.16,54.54,30.88,59.65,29.02,53.25,0.0,40.89,58.71,59.47,55.98,39.57,0.0,26.88,43.04,0.0,45.58,34.7,23.75,26.9,52.56,29.7,25.92,27.08,0.0,20.2,23.75,54.31,0.0,25.02,22.6,55.16,33.64,51.27,57.38,36.09,38.05,36.73,0.0,0.0,23.35,23.7,30.43,0.0,20.16,30.13,52.77,23.09,52.89,49.12,33.66,45.38,30.52,29.6,38.48,33.89,0.0,43.49,41.68,0.0,20.16,40.43,25.76,39.37,47.43,55.56,23.11,42.62,20.94,54.28,34.09,20.56,25.47,52.93,54.52,30.84,23.84,59.99,55.46,0.0,58.75,52.56,30.07,30.01,0.0,0.0,43.15,0.0,27.08,0.0,59.66,40.5,36.42,47.31,37.6,25.02,0.0
53.56,0.0,55.32,0.0,31.67,55.43,35.05,33.19,51.43,44.81,26.58,27.94,52.38,22.24,0.0,23.5,25.46,35.77,25.57,36.0,59.02,49.31,48.82,30.32,37.79,59.21,30.52,50.89,0.0,46.97,36.86,20.21,46.32,40.52,0.0,22.71,27.46,28.71,34.03,42.35,39.1,21.67,54.59,43.49,0.0,40.98,26.06,32.23,0.0,26.1,0.0,49.08,34.18,42.61,37.14,28.24,54.7,34.4,58.96,24.0,41.99,39.14,44.54,41.22,31.49,56.77,28.54,29.22,33.67,35.32,20.21,59.96,41.29,30.1,27.97,53.34,36.02,0.0,20.05,26.91,25.1,0.0,53.51,50.07,49.43,55.9,52.02,48.41,43.15,0.0,47.99,37.71,48.4,33.15,20.61,44.03,43.34,20.18,31.51,24.14
40.26,51.59,39.3,55.99,37.7,37.49,51.04,35.2,57.89,0.0,43.73,51.4,39.72,20.61,32.87,35.36,27.6,22.63,53.44,35.54,47.31,34.31,24.6,22.94,34.1,21.75,24.32,54.04,51.52,47.69,47.25,51.09,53.1,21.11,49.42,0.0,0.0,0.0,35.74,29.69,0.0,25.83,20.17,52.14,31.1,22.82,59.61,58.62,21.13,53.97,39.62,0.0,37.19,26.39,35.0,33.79,25.66,43.17,40.23,0.0,47.89,57.34,0.0,57.91,29.35,39.15,49.11,26.96,29.4,53.68,21.22,26.44,43.66,24.32,0.0,50.17,33.62,39.15,31.01,49.12,45.26,26.3,51.02,24.89,57.59,46.72,56.39,50.97,0.0,47.99,0.0,26.17,0.0,37.58,31.98,28.44,33.86,42.15,36.21,25.87
29.87,34.0,22.48,0.0,39.1,30.73,27.38,0.0,51.1,31.26,24.54,35.16,24.44,44.63,21.72,58.41,28.51,46.74,55.13,0.0,27.13,20.61,51.19,42.92,39.63,45.3,25.63,43.3,36.64,0.0,50.52,58.27,57.91,21.35,26.9,21.25,49.49,56.45,59.83,46.07,42.33,32.21,38.39,54.86,49.28,48.65,27.26,53.0,56.34,42.38,38.5,28.79,0.0,0.0,47.01,54.77,25.43,36.23,22.82,41.16,50.64,32.76,28.77,28.2,35.46,30.17,45.45,0.0,50.63,36.95,50.34,27.82,22.16,51.08,48.61,32.66,35.66,39.37,22.11,32.4,0.0,0.0,41.96,0.0,40.73,27.24,48.81,0.0,27.08,37.71,26.17,0.0,47.4,37.99,20.33,48.93,41.62,45.79,35.33,40.26
59.84,0.0,50.9,59.17,46.42,35.95,58.96,44.06,21.76,29.61,55.34,20.99,46.38,54.97,0.0,57.6,0.0,48.26,0.0,30.48,45.93,51.29,29.93,0.0,59.15,38.84,27.21,47.55,57.83,57.47,22.79,53.05,53.83,36.42,39.84,29.14,28.02,43.71,34.04,50.11,38.26,49.42,47.67,23.39,51.46,21.71,29.59,39.44,0.0,0.0,39.06,29.61,35.84,0.0,0.0,21.82,47.57,27.05,29.39,32.21,42.81,33.65,48.53,47.93,37.76,56.67,43.07,29.97,0.0,50.59,56.99,46.27,41.7,0.0,55.5,43.75,44.3,32.84,55.33,23.33,20.91,30.92,31.79,29.03,45.03,35.5,54.93,29.77,0.0,48.4,0.0,47.4,0.0,52.47,48.15,47.57,25.33,0.0,23.66,25.99
34.6,52.88,50.01,59.24,48.25,27.29,56.76,57.23,39.08,52.69,42.74,0.0,34.29,40.6,28.45,28.7,49.96,54.55,23.03,44.12,52.85,35.52,0.0,21.35,21.56,30.51,50.64,41.73,28.69,27.84,23.68,36.3,48.53,20.28,45.35,54.74,57.86,33.83,53.01,31.09,20.35,22.37,43.0,52.98,37.64,0.0,24.62,39.3,28.31,48.86,32.08,24.29,25.71,55.47,51.85,35.73,47.21,43.02,0.0,0.0,42.18,54.44,45.75,32.46,24.36,40.68,40.75,30.16,36.77,54.07,22.8,47.04,0.0,50.25,56.69,42.03,43.32,28.98,43.6,29.67,52.25,0.0,28.26,38.74,50.3,56.81,55.25,44.38,59.66,33.15,37.58,37.99,52.47,0.0,35.38,0.0,41.05,36.47,37.33,23.23
0.0,0.0,46.84,27.65,41.97,27.56,30.39,35.7,41.56,56.04,53.47,20.57,52.78,32.48,27.93,55.2,59.34,45.52,0.0,33.97,41.03,50.37,0.0,34.16,24.93,20.09,57.87,24.34,20.64,21.79,37.19,0.0,43.63,33.37,23.27,57.48,49.74,24.68,34.34,42.15,32.89,38.64,41.61,56.74,49.53,59.67,24.61,45.85,39.76,33.03,36.05,35.84,35.63,48.53,38.12,57.44,0.0,51.31,42.67,51.47,44.06,25.16,31.0,33.77,38.19,21.83,0.0,21.87,23.35,0.0,47.31,48.04,41.73,0.0,26.67,33.63,37.47,30.13,35.45,57.6,31.61,56.52,32.44,37.31,58.24,32.75,0.0,22.85,40.5,20.61,31.98,20.33,48.15,35.38,0.0,51.04,41.71,43.14,38.58,31.19
25.4,49.07,32.57,0.0,33.16,54.54,28.25,24.1,55.23,56.5,25.66,59.49,40.46,35.48,21.12,49.61,41.43,22.45,0.0,0.0,53.68,30.65,42.04,48.7,59.21,0.0,24.7,57.23,35.68,33.41,49.96,42.49,30.6,51.01,48.27,47.34,26.81,43.07,45.28,31.69,0.0,59.1,53.94,36.68,22.31,34.38,22.26,56.91,37.54,32.5,32.49,35.42,48.22,0.0,0.0,0.0,42.83,0.0,40.51,27.79,31.35,27.28,38.51,45.69,43.09,53.63,0.0,22.33,39.4,35.11,35.0,38.94,52.84,32.47,39.79,30.13,38.02,27.85,27.61,45.35,36.49,59.37,23.99,50.73,43.86,28.66,39.01,28.29,36.42,44.03,28.44,48.93,47.57,0.0,51.04,0.0,36.09,59.35,43.89,38.3
37.76,28.39,34.53,59.16,33.92,23.56,27.64,49.22,31.32,41.61,46.23,25.51,0.0,59.3,20.18,30.19,55.48,57.66,53.21,53.64,50.26,33.52,47.09,52.54,43.12,32.42,25.93,0.0,48.53,0.0,48.33,0.0,23.48,57.77,41.08,28.71,0.0,26.22,42.75,47.25,26.2,0.0,26.02,27.79,0.0,34.34,27.43,40.34,42.25,31.52,53.66,23.02,34.6,0.0,55.38,52.33,49.63,56.16,42.98,24.24,33.06,42.98,0.0,38.41,0.0,39.81,56.9,34.76,50.33,59.12,35.27,23.82,46.52,0.0,24.24,26.87,32.84,48.9,59.24,59.72,35.03,27.18,49.86,29.29,34.57,37.81,43.62,42.79,47.31,43.34,33.86,41.62,25.33,41.05,41.71,36.09,0.0,32.82,55.06,46.75
25.5,28.64,58.84,43.66,49.53,48.63,0.0,41.45,35.51,24.04,21.39,49.12,46.36,59.75,48.56,34.91,34.83,26.24,50.96,34.11,0.0,48.36,29.0,22.91,31.02,42.83,39.22,26.22,52.09,22.91,48.99,49.71,0.0,26.9,23.26,23.23,47.09,39.25,26.31,56.87,47.7,49.94,40.66,51.33,51.7,32.02,58.44,0.0,52.95,59.17,57.89,36.12,27.5,37.16,35.28,0.0,26.5,38.73,26.24,41.35,33.73,38.02,50.33,27.98,32.29,49.12,35.87,26.29,40.03,45.31,0.0,45.49,47.82,41.38,50.76,21.82,39.31,57.3,25.28,23.03,0.0,31.1,52.96,59.44,44.03,38.35,23.52,0.0,37.6,20.18,42.15,45.79,0.0,36.47,43.14,59.35,32.82,0.0,31.33,36.03
54.23,29.25,34.25,0.0,40.56,43.6,22.42,27.44,44.4,21.93,45.54,54.14,0.0,0.0,37.76,57.85,37.6,44.95,59.48,0.0,37.6,58.55,44.42,23.28,0.0,48.48,50.1,31.99,40.16,43.15,51.11,39.0,51.93,27.88,35.66,20.13,46.81,0.0,29.5,24.22,51.22,0.0,32.28,35.83,44.61,0.0,49.08,52.41,0.0,21.44,59.42,26.23,34.23,47.73,0.0,43.04,23.08,45.25,56.91,38.68,39.88,31.81,52.15,29.03,23.95,37.1,0.0,54.96,21.35,35.59,32.28,46.64,54.99,35.88,44.62,39.48,57.41,49.39,52.41,27.63,37.23,53.81,43.31,0.0,24.45,39.11,52.3,32.0,25.02,31.51,36.21,35.33,23.66,37.33,38.58,43.89,55.06,31.33,0.0,35.04
0.0,35.26,0.0,51.25,24.36,26.31,34.9,0.0,25.19,0.0,24.46,45.9,43.89,43.39,48.95,56.1,56.36,21.04,0.0,49.3,46.95,22.42,52.99,32.3,23.25,36.6,45.94,41.52,35.84,45.83,50.17,35.01,20.75,47.54,31.19,29.48,23.14,57.84,52.92,0.0,0.0,0.0,27.72,37.9,26.68,46.2,37.58,33.47,55.79,45.81,43.91,0.0,24.29,37.51,45.68,57.74,57.67,25.94,32.47,57.33,37.64,54.69,58.61,51.54,27.02,42.86,42.48,47.6,0.0,53.92,0.0,56.52,58.36,0.0,22.28,23.51,57.24,43.58,41.92,52.76,51.28,26.16,0.0,29.92,32.48,36.64,0.0,36.94,0.0,24.14,25.87,40.26,25.99,23.23,31.19,38.3,46.75,36.03,35.04,0.0
